g1,vcmax,tleaf,twood,troot,aleaf,awood,aroot
5.215669089889875,0.0002960144110855444,7.7333173751831055,0.0,3.9578826427459717,0.27,0.0,0.73
5.490721438100035,0.00035480569338208344,4.681331634521484,0.0,2.0032310485839844,0.265,0.0,0.735
1.9562422667259378,0.00036800577578297364,4.684829235076904,0.0,7.021896839141846,0.8225,0.0,0.1775
5.876009759760001,0.0008369152218029535,0.17339447140693665,0.0,4.211491107940674,0.2075,0.0,0.7925
3.991921308870092,0.0012059372773334256,2.3198468685150146,0.0,2.858091115951538,0.6275,0.0,0.3725
2.6963882600219957,0.0007928443219628278,4.599417209625244,0.0,4.333606243133545,0.3525,0.0,0.6475
3.8943265082663006,0.00022857073222389904,1.4673823118209839,0.0,5.399311065673828,0.6125,0.0,0.3875
2.8204892501028827,0.000427174982137823,2.9599642753601074,0.0,1.7001858949661255,0.515,0.0,0.485
2.7335798749832403,0.0006542918743626992,2.7488293647766113,0.0,7.330567359924316,0.77,0.0,0.23
1.3772251394730044,0.0004297442550825366,0.5637466907501221,0.0,4.528038024902344,0.81,0.0,0.19
5.365928805498287,0.0012483613746913653,2.539945125579834,0.0,2.9342167377471924,0.7425,0.0,0.2575
2.802992621754317,0.0006281683586712042,0.08337467908859253,0.0,8.087486267089844,0.175,0.0,0.825
6.667662827368653,0.0010612900377389852,3.224818706512451,0.0,1.0041084289550781,0.4475,0.0,0.5525
5.7972369380605775,0.0003395886835255396,2.6253252029418945,0.0,2.531935453414917,0.85,0.0,0.15
6.863625784271434,0.000989286173011905,5.917409896850586,0.0,3.083921432495117,0.5775,0.0,0.4225
5.066544318311995,0.00022980466156070328,5.708375930786133,0.0,0.39266902208328247,0.84,0.0,0.16
4.900365248553202,0.0006563800032017043,2.106377124786377,0.0,7.7586894035339355,0.5475,0.0,0.4525
1.7837222548067064,0.0012991659844793517,4.774922847747803,0.0,3.782911539077759,0.4725,0.0,0.5275
4.81154424421069,0.00045979870951122644,4.460467338562012,0.0,6.896529197692871,0.7875,0.0,0.2125
4.990931196173348,0.0005358187562110859,0.9720059037208557,0.0,4.809021949768066,0.72,0.0,0.28
5.2020045711354435,0.0014332550815437232,4.551645278930664,0.0,6.511524200439453,0.4625,0.0,0.5375
2.8279599917169165,0.0008483020089485925,3.750333547592163,0.0,5.6739702224731445,0.615,0.0,0.385
4.259191685183541,0.001111812569597912,7.609549522399902,0.0,4.5624003410339355,0.365,0.0,0.635
4.260491969469253,0.0008970877168387765,0.8808289170265198,0.0,6.337259769439697,0.845,0.0,0.155
1.7004377175282261,0.00015085685827613896,1.3471511602401733,0.0,5.895396709442139,0.1525,0.0,0.8475
3.1077482243475893,0.0014808254764816374,4.286830425262451,0.0,4.556695461273193,0.2725,0.0,0.7275
5.749669582117912,0.0009224724292264871,6.990950584411621,0.0,5.563353538513184,0.75,0.0,0.25
6.923392668430091,0.0005719837291811314,2.856130361557007,0.0,5.1996378898620605,0.1675,0.0,0.8325
6.378310391873679,0.0010132053054437125,6.936143398284912,0.0,3.5087060928344727,0.765,0.0,0.235
3.6199139653925863,0.0007849753132893986,1.4202371835708618,0.0,1.39166259765625,0.27,0.0,0.73
3.190530211493405,0.0009047902793964746,6.4273457527160645,0.0,1.1803247928619385,0.355,0.0,0.645
4.10805097436487,0.0010099908515426247,1.5302950143814087,0.0,6.4479570388793945,0.57,0.0,0.43
1.6658320212371438,0.0009393158376759516,1.4628896713256836,0.0,1.8382587432861328,0.515,0.0,0.485
2.094664763545243,0.0004849635738753222,1.0049601793289185,0.0,0.9559851884841919,0.1675,0.0,0.8325
3.2913318305753063,0.0010202986715888542,7.934607028961182,0.0,3.124948263168335,0.6525,0.0,0.3475
1.4131871498069861,0.00036533154146140044,3.1184134483337402,46.65573501586914,0.6333088874816895,0.235,0.255,0.51
6.838477575956234,0.0007441920742839738,4.945267677307129,77.12208557128906,0.6320523023605347,0.225,0.58,0.195
1.1920849106534572,0.001159464025013338,0.576470136642456,59.19379425048828,6.3010687828063965,0.6,0.185,0.215
4.974617627471524,0.0008534314316904546,7.74180269241333,33.730201721191406,1.9887895584106445,0.31,0.245,0.445
2.1901038553917855,0.0004336450781597237,1.2410669326782227,48.70427322387695,1.4628080129623413,0.275,0.2725,0.4525
1.135105671362462,0.0012338893001035776,3.1795637607574463,2.1048927307128906,2.4496543407440186,0.3275,0.4125,0.26
2.4913702830172237,0.0013196563154012208,3.2946038246154785,46.92716979980469,2.101069450378418,0.165,0.38,0.455
4.914112138518462,0.0010686334358929288,5.0139899253845215,78.53430938720703,1.662564754486084,0.4075,0.385,0.2075
6.993014854229162,0.0003472157516608831,2.6774604320526123,3.795044183731079,1.9382355213165283,0.3575,0.2525,0.39
5.645969763409058,0.0010120423135183947,4.496540546417236,18.100976943969727,2.913280963897705,0.2775,0.475,0.2475
2.487202489085191,0.00037439642541111935,0.08869979530572891,79.88690185546875,2.2621936798095703,0.5575,0.23,0.2125
3.73694869345937,0.0001981726596808183,5.111257553100586,3.2379722595214844,0.734691858291626,0.295,0.5125,0.1925
5.4931875033691675,0.0014495465868884644,2.3799047470092773,68.91097259521484,3.0834238529205322,0.3125,0.4225,0.265
4.089871519223198,0.00019969596252038735,4.655468940734863,30.130237579345703,7.044836521148682,0.475,0.315,0.21
4.267710912618641,0.0006351229541573135,3.4348092079162598,7.155303001403809,7.487503528594971,0.3025,0.4975,0.2
5.181259858265792,0.0004572675432333391,3.55788254737854,34.866432189941406,1.4077439308166504,0.4425,0.15,0.4075
2.0391698743506796,0.0007704022652069751,4.362356185913086,28.77554702758789,7.900713920593262,0.15,0.53,0.32
2.1074290712270276,0.0005130323995953453,7.270948886871338,12.61937141418457,4.655365467071533,0.3075,0.425,0.2675
3.996839056981181,0.0012561141456893087,4.309200763702393,1.6993800401687622,8.030231475830078,0.5525,0.2925,0.155
4.8692162125332,0.001166830220139194,4.127379417419434,12.339070320129395,0.7754408717155457,0.305,0.32,0.375
6.750255807998927,0.0008090348567079245,5.544159412384033,45.81635665893555,7.4937286376953125,0.62,0.1975,0.1825
5.314802868645729,0.0010876855544873422,0.21490174531936646,18.82682228088379,0.9614701271057129,0.265,0.22,0.515
3.815030780897387,0.001312437836940922,3.9064669609069824,73.14034271240234,6.484844207763672,0.165,0.465,0.37
3.4746863259107337,0.0005226879201746869,0.7521803379058838,61.14802551269531,4.2660231590271,0.1525,0.2875,0.56
3.3833478151311085,0.0006534977639534067,4.760734558105469,4.190298080444336,3.2501416206359863,0.38,0.3325,0.2875
6.919922504701805,0.0010197865168052685,6.072251319885254,12.9374361038208,5.711056232452393,0.45,0.2675,0.2825
3.09169298103659,0.0013129935692707518,7.204517364501953,36.839256286621094,4.008177757263184,0.5525,0.2775,0.17
1.018301954968062,0.0008802460757561753,5.3341965675354,46.80888748168945,6.406905651092529,0.305,0.2175,0.4775
5.326961298212594,0.0003729568673772028,7.42789888381958,78.25679016113281,6.261425971984863,0.57,0.205,0.225
1.0462244208674838,0.0010580709646432712,2.2024407386779785,41.20408630371094,2.8751611709594727,0.21,0.215,0.575
3.138913783160736,0.0014074934782463816,2.2312183380126953,72.25040435791016,0.9522098898887634,0.2075,0.2275,0.565
4.844479059258204,0.0006474194608577894,3.0149641036987305,65.89981842041016,7.456517696380615,0.155,0.325,0.52
6.053829282238775,0.0002179910427991868,6.65414571762085,12.587410926818848,5.777688026428223,0.5075,0.3175,0.175
5.335690487156796,0.0003662686614498428,0.3194468319416046,36.602108001708984,2.429433584213257,0.205,0.615,0.18
6.861912460203426,0.0003125871105955157,3.4740734100341797,63.00630187988281,3.2079343795776367,0.1625,0.2025,0.635
2.6424241722510904,0.0001683217622263084,7.754303455352783,28.92052459716797,6.802663803100586,0.39,0.3575,0.2525
6.95133069812207,0.0013753856486425457,3.805095911026001,69.92282104492188,8.175755500793457,0.47,0.2725,0.2575
5.778365571110143,0.0006381014827219218,5.7544755935668945,46.356956481933594,5.425657272338867,0.3275,0.2925,0.38
6.855701147641389,0.0010080330754760904,5.822140693664551,77.81385803222656,2.1566715240478516,0.3175,0.36,0.3225
1.9559936861129115,0.0008511226475275951,5.442906379699707,41.25499725341797,0.3403496742248535,0.5675,0.195,0.2375
2.9346624530812893,0.0007525182914256302,1.0478450059890747,65.72412872314453,4.3890767097473145,0.5175,0.2775,0.205
2.200327337090079,0.0006180951601611912,6.66587495803833,26.324440002441406,5.213625907897949,0.2225,0.25,0.5275
5.13277962418152,0.0004394543779342127,2.298128604888916,14.223268508911133,1.4548522233963013,0.2675,0.545,0.1875
5.017521151413666,0.0008947470009744951,6.786680698394775,53.604610443115234,8.023642539978027,0.2075,0.3775,0.415
3.1044461504007437,0.0005697191132110447,3.0208492279052734,38.49647521972656,4.775334358215332,0.445,0.3925,0.1625
2.919852917394481,0.0003330691381447816,7.6171650886535645,1.3231678009033203,3.198045492172241,0.2025,0.37,0.4275
4.292435178563645,0.0005149646415115247,2.5960984230041504,29.715682983398438,5.059904098510742,0.4825,0.15,0.3675
1.4015233769962452,0.0007023008156259012,4.726457595825195,75.77345275878906,2.8350560665130615,0.48,0.205,0.315
1.0143686701494992,0.0010466232841987446,7.278141021728516,34.05819320678711,2.3976614475250244,0.64,0.185,0.175
6.80747528160272,0.0010615795645072046,3.920058250427246,22.290037155151367,7.121435165405273,0.305,0.2925,0.4025
3.598591875116452,0.0001912724851128411,5.226513385772705,42.31221389770508,2.8937630653381348,0.17,0.27,0.56
2.25387525326376,0.0014301300554442767,7.126983165740967,62.659915924072266,7.418166637420654,0.345,0.4425,0.2125
2.8548989011572368,0.0007357886328069848,8.177785873413086,21.617931365966797,2.374729871749878,0.2025,0.49,0.3075
2.550688917095451,0.0007264858174325327,1.1530824899673462,50.27603530883789,5.740660667419434,0.3725,0.2925,0.335
5.448672651299654,0.0011073883479486184,1.5243983268737793,34.57773971557617,2.660186529159546,0.3225,0.1675,0.51
6.663288846300836,0.0012312260847424385,4.104979991912842,45.21387481689453,4.090083122253418,0.2475,0.26,0.4925
6.297801138496293,0.0008680281614051647,8.251091003417969,3.7412173748016357,3.2411303520202637,0.2775,0.515,0.2075
6.510354081169288,0.0011771862593674502,3.277515172958374,32.23473358154297,3.8142378330230713,0.505,0.335,0.16
2.6177463112656385,0.0006744956835403893,6.981536388397217,76.82535552978516,2.2509641647338867,0.1825,0.2275,0.59
3.229534225700413,0.0005391488012280527,1.0162532329559326,25.083467483520508,7.981917858123779,0.225,0.3275,0.4475
3.4730828380911776,0.001009515703361717,2.8270022869110107,70.82727813720703,6.588115215301514,0.4925,0.3,0.2075
5.578807629369891,0.0007612499593376141,2.7696104049682617,73.06107330322266,7.584185600280762,0.3575,0.3075,0.335
1.484334145901537,0.0006168677850624093,1.849103331565857,48.47038269042969,5.468663215637207,0.1775,0.3725,0.45
1.0982704243944272,0.0011196279396553865,1.7392935752868652,58.85115432739258,3.7149994373321533,0.2925,0.305,0.4025
2.0178230227824776,0.0005010754010815778,1.4759005308151245,13.982760429382324,4.5957536697387695,0.5825,0.235,0.1825
3.3531872199107715,0.0009487600568698696,5.656611442565918,15.371784210205078,7.9765191078186035,0.23,0.375,0.395
3.6753368693295845,0.0012389791905969764,6.671453952789307,57.54666519165039,7.154415607452393,0.165,0.3825,0.4525
4.351474238143144,0.0008524881733247894,5.998555660247803,35.74569320678711,1.496985673904419,0.5375,0.235,0.2275
4.471605398737379,0.00044445102532451853,5.989269733428955,47.59044647216797,6.836544513702393,0.285,0.16,0.555
2.2802205397192576,0.0004045173613662742,5.348158836364746,25.465734481811523,4.320328235626221,0.52,0.2025,0.2775
6.872895275489599,0.0008541820708270568,4.6614766120910645,47.76469039916992,6.979734420776367,0.185,0.16,0.655
3.4728383863922416,0.0004287642827535967,1.4007937908172607,53.87161636352539,6.551372051239014,0.6875,0.15,0.1625
3.350477166591004,0.0006759260065316684,3.8159234523773193,71.13961029052734,4.785439968109131,0.2775,0.25,0.4725
1.2965362150318427,0.00023757214988261082,5.443628787994385,53.40447235107422,3.135383129119873,0.2475,0.285,0.4675
3.488790971401965,0.0003506385239353684,3.630237579345703,63.20923614501953,2.2817542552948,0.315,0.3175,0.3675
1.194522289134602,0.0012738869556458666,5.2149152755737305,41.83808898925781,1.0742241144180298,0.395,0.1825,0.4225
1.020444187040006,0.0010183499739848676,3.099945306777954,57.8457145690918,4.90070915222168,0.3875,0.215,0.3975
4.922584584928426,0.0009848591299782999,7.440194606781006,12.467694282531738,2.4788005352020264,0.43,0.26,0.31
6.1506804559125134,0.0008876038043436691,2.806147575378418,17.37769889831543,0.6457301378250122,0.36,0.3375,0.3025
3.4789831378170257,0.0009793979187407132,1.2573108673095703,6.328220367431641,4.8807902336120605,0.3225,0.1525,0.525
2.3915282304251004,0.0003955500109964965,0.8323474526405334,58.756534576416016,6.117565155029297,0.4025,0.38,0.2175
5.7272422292657295,0.0013835755738038611,1.0842857360839844,74.96626281738281,3.858337640762329,0.3575,0.3825,0.26
4.456081639119609,0.0014729794643871454,0.4585649073123932,45.10882568359375,2.5390982627868652,0.46,0.37,0.17
1.5082193631310639,0.001127513116963231,6.103879451751709,78.37203979492188,4.885378360748291,0.4575,0.2225,0.32
6.207748749174016,0.0003465500990913146,7.410726547241211,41.695457458496094,6.4414472579956055,0.15,0.4725,0.3775
6.962919144850851,0.0012415439777127277,5.457156658172607,25.50477409362793,5.953148365020752,0.1775,0.31,0.5125
5.34287127904759,0.0013923980799005066,4.225839138031006,59.16484832763672,4.957920074462891,0.225,0.28,0.495
3.407902509549141,0.0008913950073103427,6.981906414031982,50.88972854614258,7.190498352050781,0.3875,0.315,0.2975
6.793362567917743,0.0012766374078996788,5.570042610168457,76.2940444946289,1.4591009616851807,0.2425,0.3875,0.37
4.620157442380277,0.0005934529649803452,6.487751483917236,46.305267333984375,4.605876922607422,0.3225,0.43,0.2475
3.221715294637841,0.0006743100547375239,6.222532272338867,42.539894104003906,8.032867431640625,0.41,0.3275,0.2625
6.261671906600743,0.0014557397399906288,1.8231232166290283,20.35747528076172,2.4506068229675293,0.2825,0.2625,0.455
4.160334220515209,0.0013559709134626815,2.159153938293457,59.6260986328125,5.428777694702148,0.335,0.2375,0.4275
5.905380580765504,0.0009828710075508893,6.489267826080322,45.15241622924805,0.7990034222602844,0.5675,0.21,0.2225
5.780115740391602,0.0007617231617235269,6.536963939666748,59.0976676940918,1.5923556089401245,0.165,0.4075,0.4275
1.68590871539604,0.0014664466243592144,1.2012736797332764,54.431278228759766,0.8638700246810913,0.22,0.25,0.53
4.2986843180612535,0.0006900268415047734,3.895507574081421,44.48972702026367,4.525518417358398,0.44,0.3725,0.1875
1.6894648052753527,0.0004640006482591963,4.016392230987549,28.784618377685547,6.376340866088867,0.1825,0.205,0.6125
2.1157631958938055,0.0005331610421597988,4.112121105194092,76.39236450195312,5.672180652618408,0.4375,0.2475,0.315
5.5532962286457,0.00025371181294912365,7.630433082580566,45.23746871948242,5.154137134552002,0.6325,0.15,0.2175
4.653122842170333,0.00034735375854998997,1.1488211154937744,7.9329304695129395,6.6520915031433105,0.525,0.3075,0.1675
2.62817339616329,0.0010368121634270226,5.432050704956055,25.8173770904541,2.7304391860961914,0.1575,0.1725,0.67
2.4485113106191108,0.0012766606408630289,1.7937397956848145,11.17296314239502,6.40753173828125,0.5925,0.165,0.2425
6.783260931198774,0.0010562207370923002,1.0053784847259521,63.61453628540039,5.320640563964844,0.39,0.1625,0.4475
4.9961402924064195,0.0014421669058641885,7.767704010009766,60.16115188598633,6.61911153793335,0.1675,0.1775,0.655
4.108941522592783,0.001482272867931416,4.548340797424316,52.533836364746094,0.585446834564209,0.4775,0.2175,0.305
5.4427785104285515,0.0007876777446562181,1.02125084400177,79.79067993164062,7.456106185913086,0.2375,0.3,0.4625
4.088524951427589,0.0013680966261939394,3.3838112354278564,41.621376037597656,8.116938591003418,0.305,0.375,0.32
5.219745239670194,0.0005718688150900881,4.934492111206055,50.96491622924805,3.6139822006225586,0.26,0.5075,0.2325
5.082002840491734,0.0007415439961072683,4.924837112426758,7.8078179359436035,6.927061080932617,0.4975,0.27,0.2325
3.869485054372464,0.000781036898773189,3.6601920127868652,68.06230163574219,0.1361374408006668,0.355,0.4475,0.1975
6.121265301873675,0.00018634575780027937,2.765141010284424,6.172175407409668,2.959390163421631,0.3325,0.235,0.4325
3.781611151238538,0.0011292101450476014,3.5423569679260254,67.00891876220703,7.738865375518799,0.3025,0.28,0.4175
2.8036489609412545,0.0008172443221487781,0.6769523024559021,14.255655288696289,3.604571580886841,0.21,0.3625,0.4275
5.238197646090924,0.0004966249654918012,0.9646156430244446,46.13724899291992,0.861286461353302,0.39,0.275,0.335
6.349487853260495,0.00047797893792280344,4.217562675476074,7.172037601470947,6.603518486022949,0.455,0.3875,0.1575
5.146883664130896,0.0007117406812821137,4.54014778137207,12.766493797302246,6.60902214050293,0.6175,0.19,0.1925
3.2416906288927114,0.0013892429105831247,3.139878749847412,77.50492095947266,7.130786418914795,0.24,0.24,0.52
1.54799016463976,0.00027376946796272276,5.534980297088623,30.597213745117188,6.028640270233154,0.3725,0.26,0.3675
6.905302013825878,0.0008442840804145801,1.9543347358703613,67.57454681396484,7.110499382019043,0.28,0.305,0.415
2.8680140998808943,0.0009285364906645854,2.9613468647003174,20.645612716674805,2.762230157852173,0.27,0.4175,0.3125
3.3497503110188758,0.0013711856827455752,5.184699058532715,67.27061462402344,4.210177898406982,0.355,0.2925,0.3525
6.283676551272569,0.0006082712574927677,5.665447235107422,58.971065521240234,5.507667541503906,0.3475,0.385,0.2675
6.55148701368552,0.001259928104928966,0.2777920067310333,31.269624710083008,6.2186994552612305,0.285,0.2775,0.4375
5.446197846551106,0.0010109586681416218,2.7101049423217773,72.26182556152344,7.600016117095947,0.6225,0.1725,0.205
3.3578831759389693,0.0003170737418576072,4.2058939933776855,19.08334732055664,3.651289939880371,0.1525,0.475,0.3725
5.9311052155892785,0.0006219044027235481,6.32393741607666,23.146163940429688,2.889082908630371,0.3225,0.1725,0.505
2.801136642550251,0.0007150041829350658,7.611155033111572,37.879791259765625,3.5745856761932373,0.485,0.325,0.19
4.606778584359751,0.0006860647168637039,7.196063041687012,42.55466079711914,7.7699995040893555,0.33,0.3875,0.2825
2.210336962545429,0.0005760860773082929,7.567984580993652,40.89657974243164,4.584408760070801,0.23,0.3775,0.3925
6.184007141983179,0.0011737591365000705,1.067933201789856,57.140480041503906,3.0780856609344482,0.2825,0.5175,0.2
6.902198468398847,0.001426850542301081,4.513391494750977,6.42782735824585,6.581286430358887,0.565,0.2375,0.1975
1.0520177678447378,0.0007410355430692351,5.12459659576416,10.742820739746094,3.4379234313964844,0.2825,0.385,0.3325
1.8939384589583848,0.0005332986396896247,4.856686592102051,48.8219108581543,7.237649917602539,0.1525,0.57,0.2775
5.820305914881644,0.0013868648024892038,2.0353806018829346,72.69390106201172,5.863616466522217,0.6175,0.155,0.2275
6.234914122046301,0.0013663518580330231,0.9102228879928589,60.779483795166016,0.7710688710212708,0.1675,0.235,0.5975
4.1158383886374725,0.00039747906217762346,7.3211445808410645,31.772964477539062,1.4005088806152344,0.1875,0.5025,0.31
6.21195822910301,0.00032567952658163707,2.586005687713623,66.9794921875,7.658200263977051,0.315,0.2725,0.4125
4.679474978288707,0.0012441137026051102,5.516279220581055,6.273891448974609,7.08388090133667,0.1775,0.645,0.1775
4.943650921205963,0.0014317190069879319,6.791133403778076,16.20355796813965,1.587523102760315,0.4525,0.205,0.3425
6.270163388676719,0.0012581366835443604,1.9837555885314941,67.12496185302734,1.5208011865615845,0.4,0.3375,0.2625
2.4521893755627233,0.00048477397724493144,6.730998516082764,45.572998046875,2.623063564300537,0.275,0.2575,0.4675
4.21493241549938,0.0010969621988070168,7.219408988952637,72.41874694824219,3.9773659706115723,0.2475,0.4925,0.26
4.878003710232313,0.00033637702831322753,8.084900856018066,61.98861312866211,7.119826793670654,0.35,0.335,0.315
3.791679341345123,0.0002678192691613112,4.442044734954834,65.3763427734375,2.715304136276245,0.365,0.35,0.285
3.989574892987445,0.00018824665189571247,0.6548919677734375,43.94925308227539,4.797110557556152,0.1525,0.24,0.6075
1.8289483760860044,0.0005132818043579082,3.8826522827148438,31.562803268432617,1.1492457389831543,0.4075,0.17,0.4225
2.72343369308943,0.0006518204103029844,5.213088035583496,49.53584289550781,8.29934310913086,0.2725,0.2975,0.43
6.269656488385584,0.0010646566707619562,1.889506459236145,8.54119873046875,2.3306753635406494,0.3375,0.4275,0.235
3.306474710152883,0.000727563311440924,4.326908588409424,13.44275951385498,3.711484670639038,0.235,0.22,0.545
6.070428256903526,0.0008508745206759292,5.130688667297363,25.37303352355957,1.9970756769180298,0.5625,0.19,0.2475
4.1135460747548445,0.001113754551076,7.6812052726745605,26.15140151977539,1.8327192068099976,0.1525,0.6325,0.215
1.0469013866105952,0.0012755423728547481,7.663846015930176,73.03804779052734,2.8449690341949463,0.175,0.2,0.625
6.964383527863095,0.0007162044703810645,0.9546486139297485,5.987649440765381,6.199662685394287,0.495,0.18,0.325
3.972235779924291,0.0005740536110853335,3.769218921661377,3.1486659049987793,0.5524956583976746,0.2825,0.45,0.2675
3.6440122018581684,0.00041665987801437865,3.4024248123168945,17.20404052734375,1.174183964729309,0.4225,0.34,0.2375
4.351408954777484,0.001165692256733099,3.3044538497924805,36.374664306640625,4.8979811668396,0.1575,0.565,0.2775
2.048785878694886,0.0004265406032455323,3.5602755546569824,67.66666412353516,2.7795376777648926,0.1825,0.63,0.1875
6.858082117045318,0.0007830342772601215,7.3748979568481445,60.20262145996094,2.3681745529174805,0.365,0.3475,0.2875
1.4420266838953073,0.00044496762414896157,4.515142917633057,78.95497131347656,0.7392256855964661,0.2875,0.17,0.5425
4.557764415248758,0.001205207826010029,6.678102016448975,18.17354965209961,0.10012029856443405,0.54,0.2375,0.2225
1.6651465725570762,0.0011927256826123256,2.821749210357666,14.157851219177246,1.608359694480896,0.325,0.4675,0.2075
2.2629201856098784,0.0013444602146752344,2.3995378017425537,43.0003662109375,8.134716987609863,0.6,0.2175,0.1825
2.4646477415809125,0.000990769649173399,6.556958198547363,39.455204010009766,0.34911462664604187,0.1625,0.515,0.3225
5.434070469564139,0.00029121743418730083,4.906020641326904,10.93477725982666,6.816792964935303,0.4825,0.2275,0.29
2.879077449882911,0.00017576891926959662,1.25446617603302,28.71498680114746,5.265256404876709,0.5225,0.2375,0.24
5.082405553563547,0.0012245304765536938,8.228626251220703,68.14215850830078,4.372987747192383,0.2075,0.3875,0.405
6.131983581750223,0.0013365410675059506,1.4066022634506226,53.76317596435547,5.059835433959961,0.28,0.555,0.165
6.7432984761555845,0.0008625686497561762,6.018136978149414,26.094236373901367,3.8165390491485596,0.4675,0.185,0.3475
5.985542011635021,0.0011108254131233536,6.625204563140869,68.27836608886719,7.809693336486816,0.4475,0.2725,0.28
5.711972122183802,0.0007166081514045169,6.030135631561279,61.23375701904297,7.783829689025879,0.26,0.2225,0.5175
3.0828346905667905,0.0009477605109278001,4.791635036468506,41.39313888549805,3.0584280490875244,0.3375,0.4,0.2625
1.1814121318264548,0.0005244887858588707,7.718978404998779,31.760398864746094,0.935133159160614,0.3925,0.45,0.1575
3.0535149882971777,0.0005262295474457703,2.7354021072387695,76.33977508544922,1.7867969274520874,0.26,0.5025,0.2375
5.382992413767079,0.0013403970584267258,4.2908782958984375,62.720970153808594,5.742760181427002,0.2125,0.2725,0.515
4.6078449428806145,0.00041832810690090787,4.148759841918945,43.67921447753906,5.594060897827148,0.425,0.2775,0.2975
6.3619149235068955,0.0013477709528099816,0.46336767077445984,40.571205139160156,3.0087947845458984,0.1825,0.455,0.3625
4.168337465974627,0.000400370178392,3.989763021469116,17.65316390991211,4.208306312561035,0.335,0.485,0.18
2.6425993591312342,0.0011646211610956228,7.049684524536133,25.01799774169922,4.141106128692627,0.28,0.42,0.3
4.4461069455313735,0.0008577155279964066,3.948556900024414,4.035296440124512,0.5811465382575989,0.18,0.2575,0.5625
3.6827783961971754,0.0004847583179274724,4.696418762207031,11.801138877868652,2.1398956775665283,0.545,0.295,0.16
4.221572226999062,0.00034829079472712527,1.2824499607086182,14.286062240600586,6.0066633224487305,0.375,0.325,0.3
3.345365295204483,0.0003965767990640655,6.711163520812988,49.17899703979492,6.5485334396362305,0.2525,0.265,0.4825
3.429574577934564,0.0005264378435460551,0.660947859287262,20.95714569091797,1.762490153312683,0.4025,0.3725,0.225
5.551315968374316,0.0008204685643575486,1.4555295705795288,12.611136436462402,7.650861740112305,0.51,0.2625,0.2275
4.028948527641326,0.0011544837181395428,1.4628745317459106,39.52437973022461,2.7262825965881348,0.1525,0.6175,0.23
6.5839973176106295,0.00041479347707941915,1.9389591217041016,77.43795013427734,2.4554319381713867,0.1875,0.355,0.4575
6.941113640085967,0.0010541888239747309,7.876035213470459,61.627445220947266,6.8631157875061035,0.3975,0.245,0.3575
6.6512475931657455,0.0013896848182122657,1.2780348062515259,32.76457595825195,5.547138690948486,0.285,0.405,0.31
2.488925277245055,0.0007624503710705365,3.40644907951355,74.66279602050781,6.651649475097656,0.3275,0.2625,0.41
2.596126910826473,0.0014130409664757698,5.3694047927856445,18.325584411621094,1.3633838891983032,0.215,0.5775,0.2075
4.7915739867580145,0.0008083483405562489,4.735811233520508,65.85317993164062,6.487398624420166,0.475,0.195,0.33
2.4819316182990536,0.0003358437721771378,4.899174213409424,24.420413970947266,4.723243713378906,0.3575,0.3225,0.32
5.7211466122619115,0.0013650329964185733,4.078187465667725,19.928558349609375,7.020272254943848,0.4825,0.26,0.2575
1.2731038431070592,0.0003337978840920791,4.859467506408691,38.61735534667969,7.328497409820557,0.5125,0.2825,0.205
4.54243466082072,0.0008787009430999306,0.47436097264289856,67.08221435546875,3.8419437408447266,0.18,0.5,0.32
3.4654450499411684,0.00042844152183525816,5.140655994415283,63.8344612121582,6.937143802642822,0.605,0.1825,0.2125
3.2275476225857904,0.0014067264645430764,2.353445053100586,63.33109664916992,6.905546188354492,0.59,0.175,0.235
3.8127796539058583,0.0003702301271207015,6.943471908569336,33.951576232910156,1.8587133884429932,0.275,0.1525,0.5725
2.4343221668327546,0.00037317545178320775,1.9737141132354736,28.028318405151367,5.282822608947754,0.17,0.3725,0.4575
3.268248750136088,0.001436931561657414,3.3782804012298584,32.130836486816406,2.478092908859253,0.305,0.3725,0.3225
3.62308012755497,0.00041582198265029265,2.408534049987793,59.29307556152344,7.978548049926758,0.165,0.4725,0.3625
3.399950325788542,0.0010311003905963158,2.666253089904785,78.85601806640625,4.552472114562988,0.38,0.4,0.22
4.518537165635303,0.0013559210840339332,3.7977614402770996,48.68257141113281,2.6419215202331543,0.2875,0.555,0.1575
2.512998374409311,0.001180825907126672,2.830531358718872,57.36875915527344,0.6145334243774414,0.2275,0.5225,0.25
4.591066893737205,0.0002832406956297784,4.448363304138184,37.27080154418945,3.7983627319335938,0.3025,0.17,0.5275
5.519958461732227,0.0014988116934365548,0.8313801288604736,63.73490905761719,7.509597301483154,0.19,0.4575,0.3525
2.277527860205832,0.0013619457067285093,6.5993123054504395,9.662087440490723,0.9393458366394043,0.195,0.4375,0.3675
4.106694531455476,0.0006784130373698617,5.082022190093994,49.24553298950195,8.06007194519043,0.4625,0.3425,0.195
1.9028231021217767,0.00042626653172956816,1.9169752597808838,7.763158321380615,3.367838144302368,0.205,0.4725,0.3225
3.8367335433959435,0.0009468588242960196,1.442484736442566,62.29914474487305,8.030383110046387,0.1875,0.1775,0.635
4.421197364518706,0.000848879541851944,1.354941964149475,28.18975067138672,6.190262794494629,0.23,0.5175,0.2525
3.419819086763714,0.0007956584136225184,6.513086318969727,61.45705032348633,0.5156701803207397,0.15,0.2475,0.6025
6.328128404868053,0.0012630224729486994,7.004332542419434,74.3837661743164,5.762348175048828,0.3275,0.3175,0.355
4.361983518337508,0.0011064302162822651,5.915701866149902,64.53579711914062,0.7216383218765259,0.1625,0.3675,0.47
2.1961234116758828,0.00019188649937897594,6.41542387008667,13.788361549377441,7.488025188446045,0.23,0.48,0.29
4.5993006298075905,0.0007246118835687573,4.815305233001709,6.504359722137451,4.298473358154297,0.26,0.2825,0.4575
1.7546402777765495,0.0013770652523330121,3.138869047164917,41.69384765625,7.757209777832031,0.405,0.245,0.35
6.0769193553874965,0.001352754740936459,6.74931001663208,22.431894302368164,8.173184394836426,0.22,0.15,0.63
2.0874328776961177,0.001454129140953065,6.338511943817139,28.110776901245117,6.218051433563232,0.5375,0.235,0.2275
6.564494254904874,0.00079006739848749,3.58038067817688,68.3748550415039,3.856088638305664,0.4025,0.1775,0.42
1.397294114067391,0.0010262765822109372,7.380368232727051,72.65843963623047,5.178037166595459,0.275,0.3775,0.3475
6.645315030654086,0.0002042492073349791,4.209827899932861,69.171142578125,1.3818469047546387,0.5575,0.275,0.1675
3.1887072858135013,0.0008219126817545886,6.439257621765137,46.72706604003906,4.97742223739624,0.51,0.2275,0.2625
6.732737221029526,0.0013152602267770095,7.617247104644775,53.70085525512695,1.7169183492660522,0.2575,0.2325,0.51
6.48472282983282,0.0011272874732779126,4.153857231140137,21.979936599731445,1.3331341743469238,0.3025,0.45,0.2475
3.1666847300344725,0.00088636981423586,2.9423351287841797,40.03069305419922,6.220835208892822,0.2075,0.5525,0.24
4.209662532043428,0.0012711634670340794,5.946325302124023,78.78813934326172,3.8739120960235596,0.1725,0.355,0.4725
4.7517533250723325,0.0005878759078732136,4.715452194213867,22.911426544189453,0.7441307306289673,0.4675,0.1875,0.345
4.923177888413141,0.0011033058989933647,8.199180603027344,37.3119010925293,7.172808647155762,0.2675,0.1575,0.575
5.057438212001644,0.0013472315518234473,7.8841986656188965,12.19919204711914,6.576913833618164,0.1625,0.245,0.5925
1.797118020069438,0.0013861322007361959,5.889698505401611,46.097110748291016,7.563438415527344,0.2375,0.42,0.3425
2.178499976696478,0.0004080009811558465,1.5534076690673828,7.803849220275879,6.952473163604736,0.5125,0.295,0.1925
3.4161403856170702,0.0011652496601451078,1.2878952026367188,71.63668060302734,6.9135966300964355,0.3575,0.4075,0.235
4.21616098950718,0.0007518718518715231,5.547508716583252,75.99768829345703,2.066434144973755,0.3375,0.3025,0.36
2.54755285172468,0.0014012859560336988,4.463722229003906,21.91840934753418,2.913386106491089,0.58,0.1725,0.2475
3.628499684512412,0.0008785715802620749,7.864370822906494,79.46451568603516,7.406560897827148,0.245,0.2075,0.5475
2.01652914644838,0.00023580862449124675,4.275669097900391,48.04261016845703,7.282006740570068,0.165,0.2225,0.6125
3.026839740288101,0.001400402623176596,6.196832180023193,23.604402542114258,3.3004913330078125,0.61,0.2025,0.1875
5.41551848838841,0.0003701879601814926,3.3888349533081055,48.4120979309082,4.771652698516846,0.43,0.415,0.155
1.8662969293585001,0.0006738409796791846,5.061426162719727,54.40670394897461,3.0424466133117676,0.3075,0.18,0.5125
3.1882054191321876,0.00018566955944850387,0.8073260188102722,8.337796211242676,5.215847969055176,0.66,0.17,0.17
1.2029260741407655,0.0007770995506056047,4.738687515258789,18.86246681213379,2.935474157333374,0.4175,0.275,0.3075
5.056427635776459,0.0005054446695861304,1.4103988409042358,8.408870697021484,5.688370704650879,0.2275,0.3725,0.4
1.0153929252613407,0.0007657423413697268,0.2657765746116638,63.5875244140625,2.983102321624756,0.1675,0.4225,0.41
6.473604227926621,0.0005504269819061507,6.077059745788574,32.0405158996582,6.184171199798584,0.1625,0.4475,0.39
4.1033062628364005,0.0010263063779431083,2.5245351791381836,19.005895614624023,1.3283385038375854,0.47,0.165,0.365
1.4661735819281945,0.0005959910336987034,4.873166084289551,51.66745376586914,0.40829312801361084,0.32,0.4825,0.1975
2.481733165345343,0.000171205598358018,5.006967544555664,40.6214485168457,3.7286934852600098,0.2375,0.2375,0.525
1.666729722421771,0.001163785225021179,7.3949713706970215,26.134109497070312,3.4685182571411133,0.2625,0.4875,0.25
5.143313853333285,0.0007318894115101186,8.06525993347168,66.8369140625,7.383605003356934,0.485,0.34,0.175
2.4190752020959803,0.0005533531229371878,4.776608467102051,59.66159439086914,5.154125690460205,0.505,0.3025,0.1925
4.147484312183227,0.00031820530786865365,0.5615289807319641,32.69715118408203,1.6110612154006958,0.2,0.1725,0.6275
1.40840372085309,0.0011195220234544248,4.950551986694336,49.08240509033203,0.7753111124038696,0.165,0.67,0.165
3.0281297502943794,0.00145864405297639,7.203435897827148,9.189103126525879,1.232667326927185,0.1775,0.3575,0.465
3.1180870465597392,0.00133885312154881,6.914604663848877,68.10047912597656,1.981321930885315,0.17,0.55,0.28
2.0540818319117644,0.0009256063651507717,3.2016310691833496,18.639842987060547,3.455871343612671,0.4025,0.4425,0.155
1.3759540431347965,0.0007264696228025316,3.0520622730255127,20.410337448120117,0.10697685927152634,0.355,0.22,0.425
6.12515146041134,0.0006135791810357158,1.0189049243927002,9.052175521850586,0.8274297118186951,0.26,0.16,0.58
1.6539116734835784,0.0005190683627587557,1.5350722074508667,51.111080169677734,1.634824514389038,0.575,0.2025,0.2225
4.984135998768202,0.00082457386543833,2.2316949367523193,25.759292602539062,3.3793582916259766,0.18,0.27,0.55
2.25257107798571,0.0011412929817233766,4.255721569061279,54.015262603759766,1.7612899541854858,0.295,0.3925,0.3125
2.920144523414197,0.0008801982173204206,3.4846580028533936,61.943660736083984,4.076483726501465,0.5625,0.2525,0.185
6.306886858634416,0.0014651717449935067,1.1683497428894043,27.42835235595703,4.3415093421936035,0.4925,0.21,0.2975
5.251030357965823,0.0005932012363162756,6.708915710449219,47.29701232910156,7.788562774658203,0.215,0.435,0.35
4.665701489085973,0.00030044878515078156,5.459549427032471,35.46891784667969,4.902884006500244,0.2825,0.4775,0.24
3.0775021728928134,0.00042029580254968567,5.09497594833374,39.15871810913086,2.2306058406829834,0.2225,0.405,0.3725
3.2118161906982907,0.0007190205684821977,3.8780877590179443,51.41109085083008,7.919215679168701,0.2725,0.5625,0.165
4.682193652000503,0.00032827924453700757,7.982479095458984,22.44799041748047,1.9377691745758057,0.25,0.525,0.225
6.132895309845226,0.001023138605003649,2.02821683883667,72.95946502685547,5.208871364593506,0.2025,0.4725,0.325
1.7453750865967068,0.0012602484357286023,3.7947919368743896,76.90448760986328,4.314639091491699,0.3425,0.48,0.1775
6.884576146721113,0.0009628675784948232,8.210333824157715,58.55377197265625,6.761884689331055,0.22,0.2,0.58
4.852071417944357,0.000844373373879605,2.0886988639831543,64.64191436767578,0.7982759475708008,0.1625,0.17,0.6675
5.9039936411232485,0.0006183195764975311,2.850529670715332,20.370351791381836,0.8644626140594482,0.4025,0.155,0.4425
1.0241692440688188,0.0011328261498735315,6.7358717918396,63.575130462646484,6.039302349090576,0.3025,0.3175,0.38
2.569551167235507,0.001336475386515463,5.974954605102539,79.02088928222656,3.102928638458252,0.3675,0.2525,0.38
5.331639139950921,0.0011655311478762128,4.842611789703369,8.281759262084961,6.053407669067383,0.38,0.2,0.42
6.05442334172146,0.00024585346137015007,7.5870361328125,16.075159072875977,6.212688446044922,0.16,0.3825,0.4575
1.8057534816330554,0.00015328518812442573,2.4934680461883545,51.57444381713867,0.6734707951545715,0.24,0.21,0.55
3.7093418770979776,0.0003067400045894635,2.4555678367614746,67.83174896240234,0.6655508279800415,0.27,0.5325,0.1975
6.702417257846216,0.00044047133423110384,4.7023844718933105,54.72640609741211,6.223054885864258,0.44,0.3025,0.2575
3.0018033567344418,0.0013994726947880042,4.167841911315918,16.17397689819336,1.9661338329315186,0.52,0.2325,0.2475
3.7890840905064396,0.0013541784486493966,7.315981388092041,76.12252807617188,3.6652488708496094,0.29,0.33,0.38
6.0433228705607505,0.0008909808510939718,7.352396488189697,39.96006774902344,5.501920223236084,0.3275,0.4125,0.26
3.115686790189897,0.00040582401172601116,5.319531440734863,58.16288757324219,3.5879414081573486,0.2025,0.385,0.4125
1.2041804288611813,0.0009051490842322468,5.034132957458496,15.79438304901123,5.034794330596924,0.5,0.33,0.17
4.0090592963806735,0.0002816953301369743,1.8776408433914185,3.5567402839660645,3.9795877933502197,0.285,0.2325,0.4825
3.720379560772095,0.00024241467178405876,0.8547624945640564,4.349789142608643,6.695981979370117,0.4175,0.215,0.3675
5.2364607677064186,0.00047034629247204047,4.8870697021484375,45.66197204589844,2.058436632156372,0.2425,0.4675,0.29
3.8713706421626846,0.0012420587342291292,4.101391315460205,78.30423736572266,0.3999517261981964,0.17,0.3675,0.4625
5.497621159392586,0.0010092551999266613,6.319387912750244,6.473405838012695,0.7054505348205566,0.345,0.315,0.34
1.0268816112105859,0.0004549904669220446,4.676037788391113,15.545682907104492,4.980390548706055,0.2125,0.575,0.2125
2.4855809797582626,0.0012900345735478863,0.8659528493881226,28.95245361328125,7.751087188720703,0.205,0.1975,0.5975
6.993824453164132,0.000603904345804515,7.1462483406066895,47.6417236328125,1.5917335748672485,0.4925,0.325,0.1825
6.2242918957856,0.00110108813570149,6.160244464874268,40.127620697021484,7.4105095863342285,0.2675,0.17,0.5625
2.8105065652774135,0.0009762456881088538,3.927279472351074,11.339537620544434,3.702777624130249,0.305,0.4475,0.2475
6.368396023487866,0.00132235659155293,2.6111505031585693,22.16133689880371,7.222734451293945,0.3275,0.5125,0.16
6.624748576246938,0.0006147970477655144,8.297738075256348,30.44223976135254,5.873045444488525,0.5225,0.1925,0.285
4.64219959943855,0.0008738529844714932,0.1777716875076294,60.02171325683594,3.226860761642456,0.57,0.235,0.195
5.701191375860559,0.00046045231391162985,7.4430670738220215,42.457603454589844,8.109428405761719,0.2825,0.48,0.2375
3.6961802845167986,0.0009642721375446825,2.491506814956665,63.8270378112793,4.491293907165527,0.62,0.155,0.225
2.268148705466161,0.0014416168898927213,1.92190682888031,51.27206802368164,6.384579181671143,0.3775,0.18,0.4425
5.759119691163311,0.001035868497427205,5.4318389892578125,47.031288146972656,3.790038824081421,0.225,0.625,0.15
6.484060067061272,0.000970106446996719,3.191675901412964,39.785423278808594,6.83339262008667,0.2625,0.4775,0.26
3.935314932213889,0.0005159348373787293,6.803096771240234,38.519935607910156,6.7198381423950195,0.455,0.35,0.195
1.4054412191203816,0.0011802095774624314,0.8876236081123352,58.83025360107422,1.2691923379898071,0.15,0.19,0.66
2.686957928225715,0.0006549263029406535,3.308135747909546,60.59558868408203,7.154880046844482,0.255,0.1825,0.5625
6.862718323535815,0.0001632233937559894,1.8983879089355469,26.31393051147461,3.596160650253296,0.2825,0.295,0.4225
5.679302373267303,0.0008772701075100903,5.078369617462158,41.63770294189453,5.309270858764648,0.1625,0.48,0.3575
5.203527878772973,0.00020931573345344073,7.648574352264404,75.09660339355469,2.901282787322998,0.19,0.5925,0.2175
4.9798122535545595,0.0012491912227898944,2.3381447792053223,49.104759216308594,1.1882058382034302,0.395,0.2325,0.3725
2.2199534018949914,0.0005319098089370885,3.681817054748535,7.704788684844971,6.136637210845947,0.46,0.17,0.37
3.9032223268693063,0.0008294833404099439,4.054417610168457,4.3963727951049805,7.332539081573486,0.17,0.19,0.64
2.580763064046348,0.0008044711890942512,5.579721450805664,14.515434265136719,7.679507255554199,0.3125,0.4275,0.26
4.2127466914518,0.00109126539874127,1.6509145498275757,65.59779357910156,6.039021015167236,0.3775,0.2,0.4225
2.0548244518490772,0.0001523442661342806,7.502579212188721,55.878883361816406,7.3670783042907715,0.46,0.3225,0.2175
5.711762736633764,0.0011201391977278706,1.6327537298202515,32.899497985839844,2.778775215148926,0.5275,0.3125,0.16
3.048177077158437,0.00032086025554190606,6.908418655395508,23.469274520874023,2.64449143409729,0.3175,0.53,0.1525
2.4685041674257846,0.0004081076288061325,4.975501537322998,35.25474548339844,4.790347576141357,0.205,0.2075,0.5875
1.8803272180846244,0.0008660509812260355,5.728336811065674,61.59653854370117,5.822627067565918,0.26,0.355,0.385
3.268422801193413,0.0003939680296523164,5.550292491912842,14.11640453338623,3.5373244285583496,0.385,0.36,0.255
6.5285321864888,0.0014577256165400059,6.137844085693359,39.22705841064453,6.153899669647217,0.58,0.16,0.26
3.386658734515305,0.0008024945485887223,4.7415618896484375,73.27337646484375,8.22945499420166,0.3275,0.31,0.3625
1.266566237782259,0.0005909126248723243,0.5803107619285583,15.950362205505371,1.0291721820831299,0.36,0.425,0.215
3.714268085209107,0.0008090862035223753,6.313904762268066,76.85675811767578,5.0138349533081055,0.215,0.235,0.55
5.713258152218256,0.0001997917763530908,1.4556995630264282,56.644020080566406,4.5226569175720215,0.61,0.19,0.2
4.78596272058611,0.0012124819723436445,3.650623321533203,64.25646209716797,4.990859031677246,0.31,0.3075,0.3825
2.6868587458745985,0.0006028915813161346,7.844015598297119,22.95838165283203,4.416677474975586,0.335,0.2175,0.4475
3.80592807583412,0.0008546614989838275,8.278175354003906,23.396509170532227,7.855175971984863,0.1625,0.1775,0.66
5.743808551986675,0.0004224601251306908,1.9212700128555298,37.440513610839844,0.8651747107505798,0.49,0.2225,0.2875
6.772190564812735,0.0009747397493424334,6.681449890136719,75.80848693847656,7.61782169342041,0.41,0.3125,0.2775
1.1848415941617385,0.00027075603170659366,6.327291488647461,77.4578628540039,3.3549420833587646,0.5825,0.2075,0.21
4.746669563358684,0.00018966987669335444,8.168353080749512,58.22685623168945,5.323543071746826,0.38,0.3575,0.2625
2.1279927725778323,0.00040714723037486584,7.684176921844482,15.985613822937012,1.5765632390975952,0.3,0.4625,0.2375
4.870761623685615,0.0009826117307426218,4.228507041931152,37.50458908081055,4.300169944763184,0.185,0.5975,0.2175
5.604883933106704,0.00040549999355510855,3.1286509037017822,5.27497673034668,7.316153526306152,0.3875,0.4125,0.2
4.971939921840871,0.0007883447410726403,5.619056701660156,62.203460693359375,2.4676685333251953,0.235,0.585,0.18
6.37532247997245,0.000693359082187703,5.823363780975342,18.966760635375977,0.5537829995155334,0.425,0.2125,0.3625
6.40638938769799,0.0006385659743200197,8.15608024597168,9.13456916809082,6.152965068817139,0.265,0.175,0.56
4.530999366015959,0.001347055231847697,3.661900043487549,59.11164855957031,4.435779094696045,0.21,0.615,0.175
3.9727762126917137,0.0005780212493152029,5.877479076385498,23.55654525756836,4.4830451011657715,0.46,0.2625,0.2775
1.0076350204851916,0.0007132014437160867,0.14732252061367035,68.92341613769531,3.5659403800964355,0.415,0.2275,0.3575
1.1637533162881324,0.001318861804475783,7.503476619720459,28.4947566986084,7.766183376312256,0.4225,0.4,0.1775
4.2566994515869965,0.0014147015133774224,2.920173406600952,68.40341186523438,1.6700652837753296,0.225,0.1725,0.6025
1.2498449469930972,0.0005335975165751541,1.7538076639175415,74.40119171142578,1.5049000978469849,0.5175,0.24,0.2425
1.2928207459935348,0.0012333651906867018,4.276522159576416,57.50804138183594,2.4953083992004395,0.4475,0.3975,0.155
3.6371402420759074,0.0010939710813475212,4.409520626068115,25.601001739501953,7.4217634201049805,0.6275,0.165,0.2075
1.1303387616468825,0.0012625937494815415,5.528923034667969,29.249162673950195,4.828307628631592,0.335,0.2625,0.4025
3.4882313160030707,0.00019453929024713967,7.2584967613220215,4.385836124420166,6.597674369812012,0.1825,0.31,0.5075
1.6273124210244418,0.0012654767256218738,1.2787169218063354,8.431347846984863,2.1223573684692383,0.1825,0.155,0.6625
2.8666628927256363,0.0006674362977624947,3.211850643157959,66.72705078125,5.783116817474365,0.2975,0.245,0.4575
4.255971170783723,0.0001576641565296267,1.2659590244293213,73.412353515625,8.204769134521484,0.535,0.2725,0.1925
3.1607760830992273,0.0012859673145197838,4.485291004180908,33.83034896850586,5.551884651184082,0.3075,0.2475,0.445
3.1459508615514387,0.0011748915276461297,6.060964107513428,12.6906156539917,1.85969078540802,0.2525,0.5225,0.225
1.6104270363020592,0.0013159839913779,5.224876403808594,51.155120849609375,6.95929479598999,0.59,0.1625,0.2475
2.839082883285968,0.001140339216381664,1.3707568645477295,71.60371398925781,4.250912666320801,0.365,0.365,0.27
3.2317296091201717,0.00028009552193817785,1.5108764171600342,65.36276245117188,3.171553611755371,0.4825,0.275,0.2425
2.89731143248821,0.00015951997957950055,2.0568127632141113,7.3698577880859375,6.6857428550720215,0.335,0.38,0.285
4.565233218107997,0.0004967655784061459,6.095554828643799,68.86471557617188,3.017861843109131,0.33,0.405,0.265
5.878902788776664,0.0006023045255195771,6.589382648468018,79.35979461669922,8.178908348083496,0.1775,0.5375,0.285
2.2797588085655027,0.0012015557361779428,7.7393798828125,35.82202911376953,6.0904622077941895,0.275,0.5725,0.1525
4.772363594702539,0.00047700372064617407,8.101202964782715,58.68161392211914,7.043752193450928,0.51,0.3225,0.1675
2.252439578333125,0.0013424262753258353,3.3445537090301514,8.612983703613281,0.9347470998764038,0.2525,0.1775,0.57
2.1136283221079344,0.0014400369340995072,3.6266016960144043,32.40980529785156,7.229019641876221,0.175,0.385,0.44
3.5460376016380706,0.0002618633799432006,1.6941514015197754,68.75863647460938,2.4169981479644775,0.5325,0.2125,0.255
3.084610787774268,0.000812331499716389,6.595112323760986,47.84622573852539,4.208306789398193,0.32,0.41,0.27
1.5582521719471176,0.0012298908674977032,0.5169422626495361,21.134889602661133,2.1186704635620117,0.205,0.2475,0.5475
3.1188759560504247,0.0006323208897644242,4.128911972045898,43.67143630981445,4.79075813293457,0.325,0.2125,0.4625
6.4439827666051865,0.00117481545668646,5.682880878448486,10.519524574279785,3.6173813343048096,0.38,0.2275,0.3925
4.588713778464793,0.0008533342956199598,0.78191077709198,64.40381622314453,6.599297046661377,0.18,0.2575,0.5625
1.7720579694482566,0.00048508184154151274,2.049281358718872,9.846744537353516,5.351113796234131,0.5225,0.185,0.2925
6.7608244359848095,0.0014583099949638035,5.946846961975098,54.74665832519531,0.9071438908576965,0.2625,0.24,0.4975
2.3788472370266436,0.00020639006807991175,2.727766275405884,59.58917236328125,6.308658123016357,0.3025,0.1975,0.5
1.337504259018123,0.0014943846383847186,6.003306865692139,73.47428894042969,6.756397247314453,0.43,0.34,0.23
6.436566042244268,0.0007297722097296221,6.220892429351807,4.53059720993042,6.907899856567383,0.215,0.255,0.53
1.6603023463653332,0.0007009139009269251,6.195528984069824,71.94579315185547,3.7633063793182373,0.45,0.1775,0.3725
2.224144395097764,0.0010976479655512316,2.666195869445801,52.37313461303711,6.82295560836792,0.4525,0.2175,0.33
2.2648704852155976,0.0007325603883714729,2.94376540184021,66.72637176513672,4.156792163848877,0.2875,0.215,0.4975
2.536286905477665,0.0005765722967865839,5.548745155334473,1.7412514686584473,5.713839054107666,0.3975,0.22,0.3825
1.560302376423249,0.00127452773127143,7.206347465515137,26.84075164794922,6.380343914031982,0.48,0.33,0.19
2.4170286166018835,0.0008987553146851153,5.117149829864502,33.21433639526367,5.759925365447998,0.1825,0.6225,0.195
1.5753390239396363,0.0004922856856177915,5.739331245422363,35.87034225463867,4.029384613037109,0.325,0.3475,0.3275
1.7569220179227463,0.001142079192176506,3.5448250770568848,11.367950439453125,8.06796932220459,0.195,0.2775,0.5275
6.919925987302882,0.0012143894925328524,5.805108070373535,15.138541221618652,2.944455623626709,0.235,0.6075,0.1575
4.387863200906482,0.00038181317908952104,1.2124412059783936,71.47370910644531,1.6774364709854126,0.3225,0.475,0.2025
6.898131822240394,0.0005155733919874644,7.439823627471924,79.0665283203125,1.7952780723571777,0.195,0.4325,0.3725
2.404205206136763,0.0014916040372822317,2.268965721130371,5.182275772094727,2.4338555335998535,0.17,0.6675,0.1625
1.0875157082243196,0.0004365085767010369,5.259759902954102,72.3780288696289,4.53387975692749,0.4575,0.1675,0.375
4.834861689388698,0.000479866525929727,2.421144723892212,50.870094299316406,1.1468002796173096,0.4125,0.3575,0.23
6.583495673088726,0.0002903341148002608,4.072672367095947,49.071937561035156,2.0043749809265137,0.595,0.185,0.22
5.85182301720383,0.0005422584797487179,4.25362491607666,39.35410690307617,0.5490785837173462,0.34,0.44,0.22
4.019686547477045,0.00036907314935746176,3.533132314682007,26.86709213256836,2.392671585083008,0.5875,0.2325,0.18
3.34705574473352,0.0002482510812845957,7.2852253913879395,77.99132537841797,0.7738153338432312,0.2825,0.33,0.3875
3.0402435830716987,0.0012181760518507796,0.4011310040950775,3.5963611602783203,4.83663272857666,0.15,0.1625,0.6875
3.2536091130691087,0.000895096943309456,7.863854885101318,28.7813777923584,6.364227771759033,0.315,0.4625,0.2225
5.179785046675332,0.0013224114542985943,0.7081438302993774,53.38817596435547,7.0384602546691895,0.425,0.245,0.33
3.031905777316698,0.00141193339138204,5.260913848876953,79.22797393798828,2.330225706100464,0.205,0.505,0.29
2.552688494841152,0.0006829197840051408,3.040694236755371,35.28346252441406,4.445213317871094,0.495,0.25,0.255
3.2125974182761,0.0014467115327049522,7.709352493286133,46.66233825683594,2.753509759902954,0.51,0.2125,0.2775
1.8604706145033478,0.0006779094752992255,7.848608493804932,28.121723175048828,2.378251314163208,0.2,0.1875,0.6125
3.5163038213742235,0.0014425225767001554,3.2194485664367676,26.123348236083984,3.6692771911621094,0.1675,0.45,0.3825
5.777935627726993,0.0006355685300349061,4.76206111907959,12.719082832336426,3.3460354804992676,0.3875,0.175,0.4375
6.279193904494861,0.0002845358779889837,2.170994997024536,65.96106719970703,2.376368522644043,0.4,0.4475,0.1525
3.6193981344861292,0.000747852418956146,7.18320369720459,61.97715759277344,3.004657506942749,0.66,0.1825,0.1575
2.711731182397439,0.0010025238614693596,7.4522881507873535,44.55964279174805,2.9585678577423096,0.49,0.355,0.155
5.98884775488475,0.0008021002592827524,4.178102016448975,16.272703170776367,5.868412017822266,0.655,0.165,0.18
3.5486942572482163,0.00122916181375088,5.263633728027344,69.19257354736328,7.883592128753662,0.305,0.4325,0.2625
6.9559394724515995,0.0012864605442910561,0.8409727215766907,63.175498962402344,0.6507230997085571,0.54,0.2625,0.1975
2.389621623426506,0.0009454475848485076,2.1052513122558594,53.88428497314453,1.1812405586242676,0.33,0.165,0.505
4.872581588558436,0.0008830408467756203,2.121180534362793,30.382375717163086,5.895384311676025,0.29,0.1775,0.5325
4.122116581260052,0.00040412593189499376,0.870424747467041,46.9319953918457,7.08491849899292,0.21,0.2125,0.5775
5.77346816157673,0.0008973167015950663,7.689478874206543,66.3271484375,2.7779016494750977,0.3025,0.18,0.5175
6.003281746479644,0.0013121497794206375,7.294487476348877,39.78884506225586,4.487490177154541,0.195,0.565,0.24
5.817614851256378,0.00029814880579928573,6.970580101013184,24.907482147216797,1.250054955482483,0.45,0.2225,0.3275
6.69984561642956,0.0003421155116628471,8.117239952087402,41.39064407348633,7.957779407501221,0.57,0.225,0.205
1.0413144563716785,0.0010762253189961562,5.7180585861206055,26.056398391723633,6.639069557189941,0.4325,0.185,0.3825
2.044791715040597,0.0002553912714090978,2.5269010066986084,18.44750213623047,5.84622049331665,0.565,0.2375,0.1975
2.9899275476942995,0.0008844878610863907,4.436044692993164,59.66740798950195,6.143117904663086,0.265,0.5725,0.1625
5.6776546950432065,0.0003321623837698759,2.6084256172180176,16.38180160522461,6.194215774536133,0.1725,0.305,0.5225
1.87248402451462,0.0002975021020213336,3.3594467639923096,53.325660705566406,3.816518545150757,0.4575,0.2425,0.3
6.022894272239206,0.0013762553746535457,4.573462963104248,35.37821960449219,2.0406129360198975,0.48,0.31,0.21
6.900566751944838,0.0009409148821139412,8.284019470214844,34.302547454833984,4.106884479522705,0.3825,0.335,0.2825
4.813536719423993,0.00029774795232537346,6.1586713790893555,55.51911544799805,0.6081192493438721,0.3675,0.3725,0.26
2.9893498705434416,0.0005608590148551917,6.017790794372559,47.292762756347656,4.6088409423828125,0.175,0.2025,0.6225
4.5447390339677645,0.00080348487721477,4.26917028427124,25.542165756225586,1.3825558423995972,0.2225,0.44,0.3375
5.925334872268909,0.0006726479453059211,3.2816123962402344,11.97713851928711,8.185523986816406,0.2125,0.3325,0.455
3.8078079038151094,0.0005751079264329526,1.2749096155166626,40.48274230957031,5.829957485198975,0.385,0.1725,0.4425
4.234722700488677,0.0012278413924697463,2.81331205368042,60.09366226196289,0.6435333490371704,0.1925,0.6575,0.15
5.6598016046069555,0.0005022880479469877,0.8721900582313538,52.234703063964844,3.640316963195801,0.245,0.255,0.5
3.3656332659598975,0.00023308910009006025,5.488029479980469,37.476192474365234,7.402708053588867,0.39,0.3625,0.2475
3.114557128548376,0.0012691454285109574,3.1809639930725098,33.32123947143555,2.8649415969848633,0.4175,0.3875,0.195
2.9214108355566215,0.000857215091637949,0.8521024584770203,59.95796585083008,3.953357219696045,0.5025,0.2375,0.26
6.567433721078824,0.0011631936656938352,6.653334617614746,18.3783016204834,5.725187301635742,0.41,0.365,0.225
4.147867025417863,0.0004033387292695518,1.4102222919464111,46.27408218383789,1.694310188293457,0.1925,0.605,0.2025
4.644341315545832,0.0008821147189461757,3.8506038188934326,44.532630920410156,1.271095633506775,0.305,0.4525,0.2425
1.3521109776553026,0.0013704141238394094,0.1128431111574173,29.240108489990234,0.15366637706756592,0.2775,0.5525,0.17
1.601528167191882,0.0006802667633799476,6.294839382171631,60.448665618896484,3.6056315898895264,0.485,0.3325,0.1825
5.394459882874005,0.0014438259986772931,7.419940948486328,1.0381523370742798,2.9631075859069824,0.2075,0.4075,0.385
3.0665834749175396,0.0011156708950166411,2.9400548934936523,57.954246520996094,6.96085786819458,0.475,0.2925,0.2325
3.6066847910676265,0.0009088597814626622,3.9707295894622803,32.9527473449707,0.7373610138893127,0.26,0.155,0.585
5.6986068897583255,0.0012947391349478544,1.0486171245574951,8.589752197265625,4.739285945892334,0.195,0.33,0.475
6.3406344524606615,0.0013983513060823005,2.9364359378814697,69.31024169921875,3.6119253635406494,0.2175,0.1575,0.625
4.3860060927982945,0.0007711342243168431,5.7765092849731445,50.25447082519531,8.10025405883789,0.3475,0.385,0.2675
5.2172716035689435,0.0007360446989078565,6.7447509765625,48.56196594238281,2.3811960220336914,0.5575,0.235,0.2075
1.452330441743532,0.0006923430029596264,4.15258264541626,55.95846176147461,0.16223685443401337,0.4425,0.205,0.3525
4.840621356371068,0.0013212860218451024,7.539003372192383,73.70831298828125,0.8534903526306152,0.1825,0.2,0.6175
4.984004356000067,0.0014561451491492184,6.026312351226807,4.820544242858887,4.438353061676025,0.35,0.2025,0.4475
1.2015120708762816,0.0012295512468324574,5.2194085121154785,29.898160934448242,4.833984851837158,0.495,0.3225,0.1825
2.2049502162183643,0.0009765909951592144,4.240032196044922,24.642803192138672,6.099741458892822,0.165,0.305,0.53
1.348594215324337,0.0012886168612379657,6.775496959686279,6.639909744262695,7.378936767578125,0.155,0.49,0.355
6.437995638810285,0.0009163577576984103,1.7591701745986938,55.787105560302734,4.350042819976807,0.1875,0.265,0.5475
5.590518569392465,0.0012677852664617945,8.24931526184082,53.87669372558594,8.107246398925781,0.15,0.5825,0.2675
1.3366866714656327,0.0003726263636194316,4.409974575042725,49.50403594970703,3.553154230117798,0.3275,0.26,0.4125
3.45869582718519,0.0013304022568369949,3.461315631866455,12.18530559539795,8.132966995239258,0.4925,0.265,0.2425
5.717295827896737,0.00019819267910780295,3.995330572128296,68.98287200927734,6.2268290519714355,0.52,0.2075,0.2725
1.5805858723418253,0.0004138407779901551,5.633331298828125,15.787158012390137,3.7225661277770996,0.5425,0.22,0.2375
1.2765194030299563,0.0001922422463953806,6.4357099533081055,46.60287857055664,5.626284122467041,0.485,0.215,0.3
3.305475982164795,0.0004991221861516501,6.9957146644592285,79.26598358154297,6.341322422027588,0.525,0.2775,0.1975
2.5065139781289423,0.0010092595552923121,7.4184746742248535,57.784244537353516,2.4043211936950684,0.16,0.53,0.31
1.0428233049404814,0.0002880456231862242,4.470627784729004,17.223623275756836,0.9224112033843994,0.315,0.2375,0.4475
5.142423706567412,0.0004466909076996003,3.492971897125244,14.52983570098877,4.323354244232178,0.4675,0.36,0.1725
6.7419995773701205,0.0008459911615684765,7.875504493713379,16.194541931152344,3.4321022033691406,0.15,0.375,0.475
3.508009902333113,0.0012062700251532358,2.9324140548706055,61.262752532958984,2.946362018585205,0.1875,0.5025,0.31
6.263464932799053,0.00020396339648843983,0.9719491004943848,35.70126724243164,0.4773225486278534,0.25,0.3875,0.3625
5.765828288294776,0.0012446185596322397,6.970473289489746,4.92770528793335,5.538022994995117,0.3325,0.3425,0.325
